LightSwitch,Objects/WallMounts/LightSwitch
LightTube,Objects/Lighting/LightTube
LightBulb,Objects/Lighting/LightBulb
Shutters,Doors/Shutters
MaintDoor,Doors/MaintDoor
WhiteServiceDoor,Doors/WhiteServiceDoor
MedBayDoor,Doors/MedBayDoor
CommandDoor,Doors/CommandDoor
EngineeringDoor,Doors/EngineeringDoor
PublicDoor,Doors/PublicDoor
SecDoor,Doors/SecDoor
AirLock,Doors/AirLock
L6SAW_Ballistic,Items/Weapons/Ballistics/L6SAW_Ballistic
Magazine_12mm,Items/Magazines/Magazine_12mm
Magazine_5.56mm,Items/Magazines/Magazine_5.56mm
C20rSMG_Ballistic,Items/Weapons/Ballistics/C20rSMG_Ballistic
Knife,Items/Weapons/Knife
RollingPin,Items/Kitchen/RollingPin
Monitor_FireAlarmLeft,Objects/WallMounts/FireAlarm
MonitorAir,Objects/WallMounts/MonitorAir
Microwave,Objects/Machines/Kitchen/Microwave
Gibber,Objects/Machines/Kitchen/Gibber
FoodCart,Objects/Static_Placeholders/FoodCart
Condimaster Neo,Objects/Machines/Kitchen/CondimasterNeo
Monitor_CameraTopLeft,Objects/WallMounts/Camera
WallMount_Radio_Top,Objects/WallMounts/Radio
RequestConsole,Objects/WallMounts/RequestConsole
StatusDisplay_News,Objects/WallMounts/StatusDisplay_News
ShutterSwitch,Objects/WallMounts/ShutterSwitch
WallMount_FireExtinguisher,Objects/WallMounts/FireExtinguisherCabinet
closet_47,Objects/Closets/Unlockable/Closet
DisposalsChute,Objects/Static_Placeholders/DisposalsChute
KitchenMeatHook,Objects/Machines/Kitchen/KitchenMeatHook
Food Processor,Objects/Machines/Kitchen/FoodProcessor
SmartFridge,Objects/Machines/Kitchen/SmartFridge
DinnerWare Vendor,Objects/Machines/Kitchen/DinnerWareVendor
IcecreamCart,Objects/Static_Placeholders/IcecreamCart
OxygenCloset1,Objects/Closets/Unlockable/Closet_Oxygen
EquipmentCloset,Objects/Closets/Unlockable/Closet
Closet_Brown,Objects/Closets/Unlockable/Closet_Brown
OxygenCloset,Objects/Closets/Unlockable/Closet_Oxygen
Closet,Objects/Closets/Unlockable/Closet
Closet_Grey,Objects/Closets/Unlockable/Closet_Grey
Closet_Green,Objects/Closets/Unlockable/Closet_Green
Closet_Purple,Objects/Closets/Unlockable/Closet_Purple
KitchenCabinet,Objects/Machines/Kitchen/Refrigerator
MeatFridge,Objects/Machines/Kitchen/Refrigerator
Refrigerator,Objects/Machines/Kitchen/Refrigerator
FireDoor,Doors/FireDoor
Grill,Walls/Grill
WallTile_Reinforced,Walls/ReinforcedWall
WallTile_Standard,Walls/Wall
WindowGrill_Tile,Windows/WindowGrill
0667_WarningLine,Floors/warningline/warningline_0
0001_Floor,Floors/floor
0004_Dark,Floors/dark
0671_WarningLine,Floors/warningline/warningline_4
Atmos_AirVent,Objects/Atmos/AirVent
Atmos_Scrubber,Objects/Atmos/Scrubber
0396_Showroom,Floors/showroomfloor
0359_RedBlueFull,Floors/redbluefull
0342_RedYellowFull,Floors/redyellowfull
0142_bCircuit,Floors/bcircuit
0015_Floor,Floors/grimy
1028_Floor,Floors/black_warn
0276_Floor,Floors/solarpanel
0992_PlasteelWarn,Floors/plasteel_warn_0
0996_Floor 1,Floors/plasteel_warn_4
0141_Engine,Floors/engine
1000_Floor,Floors/plasteel_warn_corner_0
0418_LoadingArea,Floors/loadingarea
0114_YellowCorner,Floors/yellowcorner
0289_Delivery,Floors/delivery
0106_Yellow,Floors/yellow
0290_Bot,Floors/bot
0110_Yellow,Floors/yellow_4
0155_NeutralFull,Floors/neutralfull
0020_Red,Floors/red_4
0016_Red,Floors/red
0046_Blue,Floors/blue_4
0042_Blue,Floors/blue
0188_Arrival,Floors/arrival_4
0184_Arrival,Floors/arrival
1004_WhiteWarn,Floors/white_warn
0002_White,Floors/white
0252_Caution,Floors/caution_4
0248_Caution,Floors/caution
0196_Escape,Floors/escape
0200_Escape,Floors/escape_4
0552_Wood,Floors/wood
0072_Green,Floors/green_4
0068_Green,Floors/green
0172_White,Floors/whitehall
1012_Floor,Floors/white_warn_corner
0133_Chapel,Floors/chapel
0176_White,Floors/whitehall_4
0235_CMO,Floors/cmo
1008_Floor,Floors/white_warn_4
0064_WhiteBlueCorner,Floors/whitebluecorner
0055_WhiteBlue,Floors/whiteblue
0014_Cafeteria,Floors/cafeteria
0059_WhiteBlue,Floors/whiteblue_4
0050_BlueCorner,Floors/bluecorner
0222_WhitePurple,Floors/whitepurple
0127_BlueYellowCorner,Floors/blueyellowcorner
0119_WhiteYellow,Floors/whiteyellow
0024_RedCorner,Floors/redcorner
MedbayTile_White,Floors/white
0277_Freezer,Floors/freezerfloor
0180_WhiteCorner,Floors/whitecorner
0123_WhiteYellow,Floors/whiteyellow
StandardTile,Floors/floor
0038_WhiteRedCorner,Floors/whiteredcorner
0029_WhiteRed,Floors/whitered
0230_WhitePurpleCorner,Floors/whitepurplecorner
0996_Floor,Floors/plasteel_warn_4
0005_Bar,Floors/bar
0213_Purple,Floors/purple_4
0209_Purple,Floors/purple
0192_ArrivalCorner,Floors/arrivalcorner
BarTile,Floors/bar
DarkTile,Floors/dark
0076_GreenCorner,Floors/greencorner
WoodFloorTile,Floors/wood
0262_Logo,Floors/L1
0081_ShuttleBlue,Floors/shuttlefloor
HydroTile_LightGreen,Floors/hydrofloor
0309_Hydro,Floors/hydrofloor
DeliveryTile,Floors/delivery
0343_RedBlue,Floors/redblue
0260_Grass,Floors/grass
Mining_0061,Floors/Mining
0167_OrangeCorner,Floors/orangecorner
0159_Orange,Floors/orange
0118_YellowFull,Floors/yellowfull
0150_Neutral,Floors/neutral_4
0146_Neutral,Floors/neutral
1001_Floor,Floors/plasteel_warn_corner_0
1032_Floor,Floors/black_warn_4
0081_WhiteGreen,Floors/whitegreen
0003_Plating,Floors/plating
MaintTile,Floors/plating
Lattice,Floors/lattice
Catwalk,Floors/catwalk
Carpet,Floors/carpet
WinDoor,Doors/WinDoor
SpaceshipDoor,Doors/SpaceshipDoor
ResearchDoor,Doors/ResearchDoor
AtmosDoor,Doors/AtmosDoor
MiningDoor,Doors/MiningDoor
ID,Items/IDs/ID
Space Cigarettes,Items/Accessories/SpaceCigarettes
CellTimer,Objects/WallMounts/CellTimer
metal_chair,Objects/Static_Placeholders/Furniture/metal_chair
Shuttle_engine_center,Objects/Machines/Shuttle/Shuttle_Engine_Center
HidrogenTubes,Objects/Machines/Shuttle/HidrogenTubes
bed,Objects/Static_Placeholders/Furniture/Bed
Stool,Objects/Static_Placeholders/Furniture/Stool
Shuttle_engine_E,Objects/Machines/Shuttle/Shuttle_Engine_E
Shuttle_engine_W,Objects/Machines/Shuttle/Shuttle_Engine_W
Table,Tables/Table
Table_Wood,Tables/Table_Wood
Table_Reinforced,Tables/Table_Reinforced
shuttle_wall_Skew1,Walls/shuttle_wall_corner
shuttle_wall,Walls/Shuttle_Wall
shuttle_wall_Skew_SW,Walls/shuttle_wall_corner
0675_WarningLineCorner,Floors/warninglinecorner
0083_ShuttleWhite,Floors/shuttlefloor3
0082_ShuttleYellow,Floors/shuttlefloor2
0084_ShuttleRed,Floors/shuttlefloor4
0144_gCircuit 1,Floors/gcircuit
0028_RedFull,Floors/redfull
0067_BlueFull,Floors/bluefull
0322_Brown,Floors/brown
0054_BlueFull,Floors/bluefull
WeldingFuel,Objects/Canisters/Tanks/WeldingFuel
UniCloth,Items/Clothing/UniCloth
rusty_reinforced_wall,Walls/Rusty_Reinforced_Wall
floors_0,Floors/FloorTile
floors_1,Floors/floor
floors_2,Floors/white
floors_3,Floors/plating
floors_4,Floors/dark
floors_5,Floors/bar
floors_6,Floors/stage_bottom
floors_7,Floors/stage_left
floors_8,Floors/stage_bleft
floors_9,Floors/stairs-old
floors_10,Floors/stairs
floors_11,Floors/stairs-l
floors_12,Floors/stairs-m
floors_13,Floors/stairs-r
floors_14,Floors/cafeteria
floors_15,Floors/grimy
floors_16,Floors/red_0
floors_17,Floors/red_1
floors_18,Floors/red_2
floors_19,Floors/red_3
floors_20,Floors/red_4
floors_21,Floors/red_5
floors_22,Floors/red_6
floors_23,Floors/red_7
floors_24,Floors/redcorner_0
floors_25,Floors/redcorner_1
floors_26,Floors/redcorner_2
floors_27,Floors/redcorner_3
floors_28,Floors/redfull
floors_29,Floors/whitered_0
floors_30,Floors/whitered_1
floors_31,Floors/whitered_2
floors_32,Floors/whitered_3
floors_33,Floors/whitered_4
floors_34,Floors/whitered_5
floors_35,Floors/whitered_6
floors_36,Floors/whitered_7
floors_37,Floors/whiteredcorner_0
floors_38,Floors/whiteredcorner_1
floors_39,Floors/whiteredcorner_2
floors_40,Floors/whiteredcorner_3
floors_41,Floors/whiteredfull
floors_42,Floors/blue_0
floors_43,Floors/blue_1
floors_44,Floors/blue_2
floors_45,Floors/blue_3
floors_46,Floors/blue_4
floors_47,Floors/blue_5
floors_48,Floors/blue_6
floors_49,Floors/blue_7
floors_50,Floors/bluecorner_0
floors_51,Floors/bluecorner_1
floors_52,Floors/bluecorner_2
floors_53,Floors/bluecorner_3
floors_54,Floors/bluefull
floors_55,Floors/whiteblue_0
floors_56,Floors/whiteblue_1
floors_57,Floors/whiteblue_2
floors_58,Floors/whiteblue_3
floors_59,Floors/whiteblue_4
floors_60,Floors/whiteblue_5
floors_61,Floors/whiteblue_6
floors_62,Floors/whiteblue_7
floors_63,Floors/whitebluecorner_0
floors_64,Floors/whitebluecorner_1
floors_65,Floors/whitebluecorner_2
floors_66,Floors/whitebluecorner_3
floors_67,Floors/whitebluefull
floors_68,Floors/green_0
floors_69,Floors/green_1
floors_70,Floors/green_2
floors_71,Floors/green_3
floors_72,Floors/green_4
floors_73,Floors/green_5
floors_74,Floors/green_6
floors_75,Floors/green_7
floors_76,Floors/greencorner_0
floors_77,Floors/greencorner_1
floors_78,Floors/greencorner_2
floors_79,Floors/greencorner_3
floors_80,Floors/greenfull
floors_81,Floors/whitegreen_0
floors_82,Floors/whitegreen_1
floors_83,Floors/whitegreen_2
floors_84,Floors/whitegreen_3
floors_85,Floors/whitegreen_4
floors_86,Floors/whitegreen_5
floors_87,Floors/whitegreen_6
floors_88,Floors/whitegreen_7
floors_89,Floors/whitegreencorner_0
floors_90,Floors/whitegreencorner_1
floors_91,Floors/whitegreencorner_2
floors_92,Floors/whitegreencorner_3
floors_93,Floors/whitegreenfull
floors_94,Floors/yellowsiding_0
floors_95,Floors/yellowsiding_1
floors_96,Floors/yellowsiding_2
floors_97,Floors/yellowsiding_3
floors_98,Floors/yellowsiding_4
floors_99,Floors/yellowsiding_5
floors_100,Floors/yellowsiding_6
floors_101,Floors/yellowsiding_7
floors_102,Floors/yellowcornersiding_0
floors_103,Floors/yellowcornersiding_1
floors_104,Floors/yellowcornersiding_2
floors_105,Floors/yellowcornersiding_3
floors_106,Floors/yellow_0
floors_107,Floors/yellow_1
floors_108,Floors/yellow_2
floors_109,Floors/yellow_3
floors_110,Floors/yellow_4
floors_111,Floors/yellow_5
floors_112,Floors/yellow_6
floors_113,Floors/yellow_7
floors_114,Floors/yellowcorner_0
floors_115,Floors/yellowcorner_1
floors_116,Floors/yellowcorner_2
floors_117,Floors/yellowcorner_3
floors_118,Floors/yellowfull
floors_119,Floors/whiteyellow_0
floors_120,Floors/whiteyellow_1
floors_121,Floors/whiteyellow_2
floors_122,Floors/whiteyellow_3
floors_123,Floors/whiteyellow_4
floors_124,Floors/whiteyellow_5
floors_125,Floors/whiteyellow_6
floors_126,Floors/whiteyellow_7
floors_127,Floors/whiteyellowcorner_0
floors_128,Floors/whiteyellowcorner_1
floors_129,Floors/whiteyellowcorner_2
floors_130,Floors/whiteyellowcorner_3
floors_131,Floors/whiteyellowfull
floors_132,Floors/black
floors_133,Floors/chapel_0
floors_134,Floors/chapel_1
floors_135,Floors/chapel_2
floors_136,Floors/chapel_3
floors_137,Floors/chapel_4
floors_138,Floors/chapel_5
floors_139,Floors/chapel_6
floors_140,Floors/chapel_7
floors_141,Floors/engine
floors_142,Floors/bcircuit
floors_143,Floors/bcircuitoff
floors_144,Floors/gcircuit
floors_145,Floors/gcircuitoff
floors_146,Floors/neutral_0
floors_147,Floors/neutral_1
floors_148,Floors/neutral_2
floors_149,Floors/neutral_3
floors_150,Floors/neutral_4
floors_151,Floors/neutral_5
floors_152,Floors/neutral_6
floors_153,Floors/neutral_7
floors_154,Floors/neutralfull
floors_155,Floors/neutralcorner_0
floors_156,Floors/neutralcorner_1
floors_157,Floors/neutralcorner_2
floors_158,Floors/neutralcorner_3
floors_159,Floors/orange_0
floors_160,Floors/orange_1
floors_161,Floors/orange_2
floors_162,Floors/orange_3
floors_163,Floors/orange_4
floors_164,Floors/orange_5
floors_165,Floors/orange_6
floors_166,Floors/orange_7
floors_167,Floors/orangecorner_0
floors_168,Floors/orangecorner_1
floors_169,Floors/orangecorner_2
floors_170,Floors/orangecorner_3
floors_171,Floors/orangefull
floors_172,Floors/whitehall_0
floors_173,Floors/whitehall_1
floors_174,Floors/whitehall_2
floors_175,Floors/whitehall_3
floors_176,Floors/whitehall_4
floors_177,Floors/whitehall_5
floors_178,Floors/whitehall_6
floors_179,Floors/whitehall_7
floors_180,Floors/whitecorner_0
floors_181,Floors/whitecorner_1
floors_182,Floors/whitecorner_2
floors_183,Floors/whitecorner_3
floors_184,Floors/arrival_0
floors_185,Floors/arrival_1
floors_186,Floors/arrival_2
floors_187,Floors/arrival_3
floors_188,Floors/arrival_4
floors_189,Floors/arrival_5
floors_190,Floors/arrival_6
floors_191,Floors/arrival_7
floors_192,Floors/arrivalcorner_0
floors_193,Floors/arrivalcorner_1
floors_194,Floors/arrivalcorner_2
floors_195,Floors/arrivalcorner_3
floors_196,Floors/escape_0
floors_197,Floors/escape_1
floors_198,Floors/escape_2
floors_199,Floors/escape_3
floors_200,Floors/escape_4
floors_201,Floors/escape_5
floors_202,Floors/escape_6
floors_203,Floors/escape_7
floors_204,Floors/escapecorner_0
floors_205,Floors/escapecorner_1
floors_206,Floors/escapecorner_2
floors_207,Floors/escapecorner_3
floors_208,Floors/pinkblack
floors_209,Floors/purple_0
floors_210,Floors/purple_1
floors_211,Floors/purple_2
floors_212,Floors/purple_3
floors_213,Floors/purple_4
floors_214,Floors/purple_5
floors_215,Floors/purple_6
floors_216,Floors/purple_7
floors_217,Floors/purplecorner_0
floors_218,Floors/purplecorner_1
floors_219,Floors/purplecorner_2
floors_220,Floors/purplecorner_3
floors_221,Floors/purplefull
floors_222,Floors/whitepurple_0
floors_223,Floors/whitepurple_1
floors_224,Floors/whitepurple_2
floors_225,Floors/whitepurple_3
floors_226,Floors/whitepurple_4
floors_227,Floors/whitepurple_5
floors_228,Floors/whitepurple_6
floors_229,Floors/whitepurple_7
floors_230,Floors/whitepurplecorner_0
floors_231,Floors/whitepurplecorner_1
floors_232,Floors/whitepurplecorner_2
floors_233,Floors/whitepurplecorner_3
floors_234,Floors/whitepurplefull
floors_235,Floors/cmo
floors_236,Floors/black_0
floors_237,Floors/black_1
floors_238,Floors/black_2
floors_239,Floors/black_3
floors_240,Floors/black_4
floors_241,Floors/black_5
floors_242,Floors/black_6
floors_243,Floors/black_7
floors_244,Floors/blackcorner_0
floors_245,Floors/blackcorner_1
floors_246,Floors/blackcorner_2
floors_247,Floors/blackcorner_3
floors_248,Floors/caution_0
floors_249,Floors/caution_1
floors_250,Floors/caution_2
floors_251,Floors/caution_3
floors_252,Floors/caution_4
floors_253,Floors/caution_5
floors_254,Floors/caution_6
floors_255,Floors/caution_7
floors_256,Floors/cautioncorner_0
floors_257,Floors/cautioncorner_1
floors_258,Floors/cautioncorner_2
floors_259,Floors/cautioncorner_3
floors_260,Floors/grass
floors_261,Floors/floorgrime
floors_262,Floors/L1
floors_263,Floors/L2
floors_264,Floors/L3
floors_265,Floors/L4
floors_266,Floors/L5
floors_267,Floors/L6
floors_268,Floors/L7
floors_269,Floors/L8
floors_270,Floors/L9
floors_271,Floors/L10
floors_272,Floors/L11
floors_273,Floors/L12
floors_274,Floors/L13
floors_275,Floors/L14
floors_276,Floors/solarpanel
floors_277,Floors/freezerfloor
floors_278,Floors/damaged1
floors_279,Floors/damaged3
floors_280,Floors/damaged2
floors_281,Floors/panelscorched
floors_282,Floors/floorscorched1
floors_283,Floors/floorscorched2
floors_284,Floors/damaged4
floors_285,Floors/damaged5
floors_286,Floors/platingdmg1
floors_287,Floors/platingdmg2
floors_288,Floors/platingdmg3
floors_289,Floors/delivery
floors_290,Floors/bot
floors_291,Floors/derelict1
floors_292,Floors/derelict2
floors_293,Floors/derelict3
floors_294,Floors/derelict4
floors_295,Floors/derelict5
floors_296,Floors/derelict6
floors_297,Floors/derelict7
floors_298,Floors/derelict8
floors_299,Floors/derelict9
floors_300,Floors/derelict10
floors_301,Floors/derelict11
floors_302,Floors/derelict12
floors_303,Floors/derelict13
floors_304,Floors/derelict14
floors_305,Floors/derelict15
floors_306,Floors/derelict16
floors_307,Floors/asteroid
floors_308,Floors/asteroid_dug
floors_309,Floors/hydrofloor
floors_310,Floors/brownold_0
floors_311,Floors/brownold_1
floors_312,Floors/brownold_2
floors_313,Floors/brownold_3
floors_314,Floors/brownold_4
floors_315,Floors/brownold_5
floors_316,Floors/brownold_6
floors_317,Floors/brownold_7
floors_318,Floors/browncornerold_0
floors_319,Floors/browncornerold_1
floors_320,Floors/browncornerold_2
floors_321,Floors/browncornerold_3
floors_322,Floors/brown_0
floors_323,Floors/brown_1
floors_324,Floors/brown_2
floors_325,Floors/brown_3
floors_326,Floors/brown_4
floors_327,Floors/brown_5
floors_328,Floors/brown_6
floors_329,Floors/brown_7
floors_330,Floors/browncorner_0
floors_331,Floors/browncorner_1
floors_332,Floors/browncorner_2
floors_333,Floors/browncorner_3
floors_334,Floors/redyellow_0
floors_335,Floors/redyellow_1
floors_336,Floors/redyellow_2
floors_337,Floors/redyellow_3
floors_338,Floors/redyellow_4
floors_339,Floors/redyellow_5
floors_340,Floors/redyellow_6
floors_341,Floors/redyellow_7
floors_342,Floors/redyellowfull
floors_343,Floors/redblue_0
floors_344,Floors/redblue_1
floors_345,Floors/redblue_2
floors_346,Floors/redblue_3
floors_347,Floors/redblue_4
floors_348,Floors/redblue_5
floors_349,Floors/redblue_6
floors_350,Floors/redblue_7
floors_351,Floors/bluered_0
floors_352,Floors/bluered_1
floors_353,Floors/bluered_2
floors_354,Floors/bluered_3
floors_355,Floors/bluered_4
floors_356,Floors/bluered_5
floors_357,Floors/bluered_6
floors_358,Floors/bluered_7
floors_359,Floors/redbluefull
floors_360,Floors/redgreen_0
floors_361,Floors/redgreen_1
floors_362,Floors/redgreen_2
floors_363,Floors/redgreen_3
floors_364,Floors/redgreen_4
floors_365,Floors/redgreen_5
floors_366,Floors/redgreen_6
floors_367,Floors/redgreen_7
floors_368,Floors/redgreenfull
floors_369,Floors/greenyellow_0
floors_370,Floors/greenyellow_1
floors_371,Floors/greenyellow_2
floors_372,Floors/greenyellow_3
floors_373,Floors/greenyellow_4
floors_374,Floors/greenyellow_5
floors_375,Floors/greenyellow_6
floors_376,Floors/greenyellow_7
floors_377,Floors/greenyellowfull
floors_378,Floors/greenblue_0
floors_379,Floors/greenblue_1
floors_380,Floors/greenblue_2
floors_381,Floors/greenblue_3
floors_382,Floors/greenblue_4
floors_383,Floors/greenblue_5
floors_384,Floors/greenblue_6
floors_385,Floors/greenblue_7
floors_386,Floors/greenbluefull
floors_387,Floors/blueyellow_0
floors_388,Floors/blueyellow_1
floors_389,Floors/blueyellow_2
floors_390,Floors/blueyellow_3
floors_391,Floors/blueyellow_4
floors_392,Floors/blueyellow_5
floors_393,Floors/blueyellow_6
floors_394,Floors/blueyellow_7
floors_395,Floors/blueyellowfull
floors_396,Floors/showroomfloor
floors_397,Floors/podhatch_0
floors_398,Floors/podhatch_1
floors_399,Floors/podhatch_2
floors_400,Floors/podhatch_3
floors_401,Floors/podhatch_4
floors_402,Floors/podhatch_5
floors_403,Floors/podhatch_6
floors_404,Floors/podhatch_7
floors_405,Floors/podhatchcorner_0
floors_406,Floors/podhatchcorner_1
floors_407,Floors/podhatchcorner_2
floors_408,Floors/podhatchcorner_3
floors_409,Floors/elevatorshaft
floors_410,Floors/vault_0
floors_411,Floors/vault_1
floors_412,Floors/vault_2
floors_413,Floors/vault_3
floors_414,Floors/vault_4
floors_415,Floors/vault_5
floors_416,Floors/vault_6
floors_417,Floors/vault_7
floors_418,Floors/loadingarea_0
floors_419,Floors/loadingarea_1
floors_420,Floors/loadingarea_2
floors_421,Floors/loadingarea_3
floors_422,Floors/loadingareadirty1_0
floors_423,Floors/loadingareadirty1_1
floors_424,Floors/loadingareadirty1_2
floors_425,Floors/loadingareadirty1_3
floors_426,Floors/loadingareadirty2_0
floors_427,Floors/loadingareadirty2_1
floors_428,Floors/loadingareadirty2_2
floors_429,Floors/loadingareadirty2_3
floors_430,Floors/light_on_flicker1_0
floors_431,Floors/light_on_flicker1_1
floors_432,Floors/light_on_flicker1_2
floors_433,Floors/light_on_flicker1_3
floors_434,Floors/light_on_flicker1_4
floors_435,Floors/light_on_flicker1_5
floors_436,Floors/light_on_flicker1_6
floors_437,Floors/light_on_flicker1_7
floors_438,Floors/light_on_flicker1_8
floors_439,Floors/light_on_flicker1_9
floors_440,Floors/light_on_flicker1_10
floors_441,Floors/light_on_flicker1_11
floors_442,Floors/light_on_flicker1_12
floors_443,Floors/light_on_flicker1_13
floors_444,Floors/light_on_flicker1_14
floors_445,Floors/light_on_flicker1_15
floors_446,Floors/light_on_flicker2_0
floors_447,Floors/light_on_flicker2_1
floors_448,Floors/light_on_flicker2_2
floors_449,Floors/light_on_flicker2_3
floors_450,Floors/light_on_flicker2_4
floors_451,Floors/light_on_flicker2_5
floors_452,Floors/light_on_flicker2_6
floors_453,Floors/light_on_flicker2_7
floors_454,Floors/light_on_flicker2_8
floors_455,Floors/light_on_flicker2_9
floors_456,Floors/light_on_flicker2_10
floors_457,Floors/light_on_flicker2_11
floors_458,Floors/light_on_flicker2_12
floors_459,Floors/light_on_flicker2_13
floors_460,Floors/light_on_flicker2_14
floors_461,Floors/light_on_flicker2_15
floors_462,Floors/light_on_flicker3_0
floors_463,Floors/light_on_flicker3_1
floors_464,Floors/light_on_flicker3_2
floors_465,Floors/light_on_flicker3_3
floors_466,Floors/light_on_flicker3_4
floors_467,Floors/light_on_flicker3_5
floors_468,Floors/light_on_flicker3_6
floors_469,Floors/light_on_flicker3_7
floors_470,Floors/light_on_flicker3_8
floors_471,Floors/light_on_flicker3_9
floors_472,Floors/light_on_flicker3_10
floors_473,Floors/light_on_flicker3_11
floors_474,Floors/light_on_flicker3_12
floors_475,Floors/light_on_flicker3_13
floors_476,Floors/light_on_flicker3_14
floors_477,Floors/light_on_flicker3_15
floors_478,Floors/light_on_flicker4_0
floors_479,Floors/light_on_flicker4_1
floors_480,Floors/light_on_flicker4_2
floors_481,Floors/light_on_flicker4_3
floors_482,Floors/light_on_flicker4_4
floors_483,Floors/light_on_flicker4_5
floors_484,Floors/light_on_flicker4_6
floors_485,Floors/light_on_flicker4_7
floors_486,Floors/light_on_flicker4_8
floors_487,Floors/light_on_flicker4_9
floors_488,Floors/light_on_flicker4_10
floors_489,Floors/light_on_flicker4_11
floors_490,Floors/light_on_flicker4_12
floors_491,Floors/light_on_flicker4_13
floors_492,Floors/light_on_flicker4_14
floors_493,Floors/light_on_flicker4_15
floors_494,Floors/light_on_broken_0
floors_495,Floors/light_on_broken_1
floors_496,Floors/light_on_broken_2
floors_497,Floors/light_on_broken_3
floors_498,Floors/light_on_broken_4
floors_499,Floors/light_on_broken_5
floors_500,Floors/light_on_broken_6
floors_501,Floors/light_on_broken_7
floors_502,Floors/light_on_broken_8
floors_503,Floors/light_on_broken_9
floors_504,Floors/light_on_broken_10
floors_505,Floors/light_on_broken_11
floors_506,Floors/light_on_broken_12
floors_507,Floors/light_on_broken_13
floors_508,Floors/light_on_broken_14
floors_509,Floors/light_on_broken_15
floors_510,Floors/light_on_0
floors_511,Floors/light_on_1
floors_512,Floors/light_off
floors_513,Floors/light_broken
floors_514,Floors/rockvault
floors_515,Floors/sandstonevault
floors_516,Floors/alienvault
floors_517,Floors/light_on-r_0
floors_518,Floors/light_on-r_1
floors_519,Floors/light_on-g_0
floors_520,Floors/light_on-g_1
floors_521,Floors/light_on-y_0
floors_522,Floors/light_on-y_1
floors_523,Floors/light_on-b_0
floors_524,Floors/light_on-b_1
floors_525,Floors/light_on-p_0
floors_526,Floors/light_on-p_1
floors_527,Floors/light_on-w_0
floors_528,Floors/light_on-w_1
floors_529,Floors/wall_thermite
floors_530,Floors/asteroidplating
floors_531,Floors/asteroidfloor
floors_532,Floors/asteroidwarning_0
floors_533,Floors/asteroidwarning_1
floors_534,Floors/asteroidwarning_2
floors_535,Floors/asteroidwarning_3
floors_536,Floors/asteroidwarning_4
floors_537,Floors/asteroidwarning_5
floors_538,Floors/asteroidwarning_6
floors_539,Floors/asteroidwarning_7
floors_540,Floors/barber
floors_541,Floors/cult
floors_542,Floors/cultdamage
floors_543,Floors/cultdamage2
floors_544,Floors/cultdamage3
floors_545,Floors/cultdamage4
floors_546,Floors/cultdamage5
floors_547,Floors/cultdamage6
floors_548,Floors/cultdamage7
floors_549,Floors/whitebot
floors_550,Floors/whitedelivery
floors_551,Floors/plaque
floors_552,Floors/wood
floors_553,Floors/wood-broken
floors_554,Floors/wood-broken2
floors_555,Floors/wood-broken3
floors_556,Floors/wood-broken4
floors_557,Floors/wood-broken5
floors_558,Floors/wood-broken6
floors_559,Floors/wood-broken7
floors_560,Floors/ironsand1
floors_561,Floors/ironsand2
floors_562,Floors/ironsand3
floors_563,Floors/ironsand4
floors_564,Floors/ironsand5
floors_565,Floors/ironsand6
floors_566,Floors/ironsand7
floors_567,Floors/ironsand8
floors_568,Floors/ironsand9
floors_569,Floors/ironsand10
floors_570,Floors/ironsand11
floors_571,Floors/ironsand12
floors_572,Floors/ironsand13
floors_573,Floors/ironsand14
floors_574,Floors/ironsand15
floors_575,Floors/recharge_floor_0
floors_576,Floors/recharge_floor_1
floors_577,Floors/recharge_floor_asteroid_0
floors_578,Floors/recharge_floor_asteroid_1
floors_579,Floors/plasma
floors_580,Floors/plasma_dam
floors_581,Floors/uranium
floors_582,Floors/uranium_dam
floors_583,Floors/bananium
floors_584,Floors/bananium_dam
floors_585,Floors/silver
floors_586,Floors/silver_dam
floors_587,Floors/diamond
floors_588,Floors/diamond_dam
floors_589,Floors/darkpurple_0
floors_590,Floors/darkpurple_1
floors_591,Floors/darkpurple_2
floors_592,Floors/darkpurple_3
floors_593,Floors/darkpurple_4
floors_594,Floors/darkpurple_5
floors_595,Floors/darkpurple_6
floors_596,Floors/darkpurple_7
floors_597,Floors/darkpurplecorners_0
floors_598,Floors/darkpurplecorners_1
floors_599,Floors/darkpurplecorners_2
floors_600,Floors/darkpurplecorners_3
floors_601,Floors/darkpurplefull
floors_602,Floors/darkred_0
floors_603,Floors/darkred_1
floors_604,Floors/darkred_2
floors_605,Floors/darkred_3
floors_606,Floors/darkred_4
floors_607,Floors/darkred_5
floors_608,Floors/darkred_6
floors_609,Floors/darkred_7
floors_610,Floors/darkredcorners_0
floors_611,Floors/darkredcorners_1
floors_612,Floors/darkredcorners_2
floors_613,Floors/darkredcorners_3
floors_614,Floors/darkredfull
floors_615,Floors/darkblue_0
floors_616,Floors/darkblue_1
floors_617,Floors/darkblue_2
floors_618,Floors/darkblue_3
floors_619,Floors/darkblue_4
floors_620,Floors/darkblue_5
floors_621,Floors/darkblue_6
floors_622,Floors/darkblue_7
floors_623,Floors/darkbluecorners_0
floors_624,Floors/darkbluecorners_1
floors_625,Floors/darkbluecorners_2
floors_626,Floors/darkbluecorners_3
floors_627,Floors/darkbluefull
floors_628,Floors/darkgreen_0
floors_629,Floors/darkgreen_1
floors_630,Floors/darkgreen_2
floors_631,Floors/darkgreen_3
floors_632,Floors/darkgreen_4
floors_633,Floors/darkgreen_5
floors_634,Floors/darkgreen_6
floors_635,Floors/darkgreen_7
floors_636,Floors/darkgreencorners_0
floors_637,Floors/darkgreencorners_1
floors_638,Floors/darkgreencorners_2
floors_639,Floors/darkgreencorners_3
floors_640,Floors/darkgreenfull
floors_641,Floors/darkyellow_0
floors_642,Floors/darkyellow_1
floors_643,Floors/darkyellow_2
floors_644,Floors/darkyellow_3
floors_645,Floors/darkyellow_4
floors_646,Floors/darkyellow_5
floors_647,Floors/darkyellow_6
floors_648,Floors/darkyellow_7
floors_649,Floors/darkyellowcorners_0
floors_650,Floors/darkyellowcorners_1
floors_651,Floors/darkyellowcorners_2
floors_652,Floors/darkyellowcorners_3
floors_653,Floors/darkyellowfull
floors_654,Floors/darkbrown_0
floors_655,Floors/darkbrown_1
floors_656,Floors/darkbrown_2
floors_657,Floors/darkbrown_3
floors_658,Floors/darkbrown_4
floors_659,Floors/darkbrown_5
floors_660,Floors/darkbrown_6
floors_661,Floors/darkbrown_7
floors_662,Floors/darkbrowncorners_0
floors_663,Floors/darkbrowncorners_1
floors_664,Floors/darkbrowncorners_2
floors_665,Floors/darkbrowncorners_3
floors_666,Floors/darkbrownfull
floors_667,Floors/warningline_0
floors_668,Floors/warningline_1
floors_669,Floors/warningline_2
floors_670,Floors/warningline_3
floors_671,Floors/warningline_4
floors_672,Floors/warningline_5
floors_673,Floors/warningline_6
floors_674,Floors/warningline_7
floors_675,Floors/warninglinecorners_0
floors_676,Floors/warninglinecorners_1
floors_677,Floors/warninglinecorners_2
floors_678,Floors/warninglinecorners_3
floors_679,Floors/sandeffect
floors_680,Floors/warningsandeffect_0
floors_681,Floors/warningsandeffect_1
floors_682,Floors/warningsandeffect_2
floors_683,Floors/warningsandeffect_3
floors_684,Floors/warningsandeffect_4
floors_685,Floors/warningsandeffect_5
floors_686,Floors/warningsandeffect_6
floors_687,Floors/warningsandeffect_7
floors_688,Floors/warningsandeffectcorners_0
floors_689,Floors/warningsandeffectcorners_1
floors_690,Floors/warningsandeffectcorners_2
floors_691,Floors/warningsandeffectcorners_3
floors_692,Floors/platingsandeffect
floors_693,Floors/platingwarningsandeffect_0
floors_694,Floors/platingwarningsandeffect_1
floors_695,Floors/platingwarningsandeffect_2
floors_696,Floors/platingwarningsandeffect_3
floors_697,Floors/platingwarningsandeffect_4
floors_698,Floors/platingwarningsandeffect_5
floors_699,Floors/platingwarningsandeffect_6
floors_700,Floors/platingwarningsandeffect_7
floors_701,Floors/platingwarningsandeffectcorners_0
floors_702,Floors/platingwarningsandeffectcorners_1
floors_703,Floors/platingwarningsandeffectcorners_2
floors_704,Floors/platingwarningsandeffectcorners_3
floors_705,Floors/noslip-damaged1
floors_706,Floors/noslip-damaged2
floors_707,Floors/noslip-damaged3
floors_708,Floors/noslip-scorched1
floors_709,Floors/noslip-scorched2
floors_710,Floors/noslip
floors_711,Floors/rcircuit
floors_712,Floors/rcircuitanim_0
floors_713,Floors/rcircuitanim_1
floors_714,Floors/rcircuitanim_2
floors_715,Floors/rcircuitanim_3
floors_716,Floors/rcircuitanim_4
floors_717,Floors/rcircuitanim_5
floors_718,Floors/rcircuitanim_6
floors_719,Floors/rcircuitanim_7
floors_720,Floors/rcircuitanim_8
floors_721,Floors/rcircuitanim_9
floors_722,Floors/rcircuitanim_10
floors_723,Floors/rcircuitanim_11
floors_724,Floors/rcircuitanim_12
floors_725,Floors/rcircuitanim_13
floors_726,Floors/rcircuitanim_14
floors_727,Floors/rcircuitanim_15
floors_728,Floors/gcircuitanim_0
floors_729,Floors/gcircuitanim_1
floors_730,Floors/gcircuitanim_2
floors_731,Floors/gcircuitanim_3
floors_732,Floors/light_on-o_0
floors_733,Floors/light_on-o_1
floors_734,Floors/light_on-s_0
floors_735,Floors/light_on-s_1
floors_736,Floors/light_on-s_2
floors_737,Floors/light_on-s_3
floors_738,Floors/light_on-s_4
floors_739,Floors/light_on-s_5
floors_740,Floors/light_on-s_6
floors_741,Floors/light_on-s_7
floors_742,Floors/light_on-s_8
floors_743,Floors/light_on-s_9
floors_744,Floors/light_on-s_10
floors_745,Floors/light_on-s_11
floors_746,Floors/light_on-s_12
floors_747,Floors/light_on-s_13
floors_748,Floors/vinefloor
floors_749,Floors/sand
floors_750,Floors/alienplating
floors_751,Floors/alienpod1_0
floors_752,Floors/alienpod1_1
floors_753,Floors/alienpod1_2
floors_754,Floors/alienpod1_3
floors_755,Floors/alienpod1_4
floors_756,Floors/alienpod1_5
floors_757,Floors/alienpod2_0
floors_758,Floors/alienpod2_1
floors_759,Floors/alienpod2_2
floors_760,Floors/alienpod2_3
floors_761,Floors/alienpod2_4
floors_762,Floors/alienpod2_5
floors_763,Floors/alienpod3_0
floors_764,Floors/alienpod3_1
floors_765,Floors/alienpod3_2
floors_766,Floors/alienpod3_3
floors_767,Floors/alienpod3_4
floors_768,Floors/alienpod3_5
floors_769,Floors/alienpod4_0
floors_770,Floors/alienpod4_1
floors_771,Floors/alienpod4_2
floors_772,Floors/alienpod4_3
floors_773,Floors/alienpod4_4
floors_774,Floors/alienpod4_5
floors_775,Floors/alienpod5_0
floors_776,Floors/alienpod5_1
floors_777,Floors/alienpod5_2
floors_778,Floors/alienpod5_3
floors_779,Floors/alienpod5_4
floors_780,Floors/alienpod5_5
floors_781,Floors/alienpod6_0
floors_782,Floors/alienpod6_1
floors_783,Floors/alienpod6_2
floors_784,Floors/alienpod6_3
floors_785,Floors/alienpod6_4
floors_786,Floors/alienpod6_5
floors_787,Floors/alienpod7_0
floors_788,Floors/alienpod7_1
floors_789,Floors/alienpod7_2
floors_790,Floors/alienpod7_3
floors_791,Floors/alienpod7_4
floors_792,Floors/alienpod7_5
floors_793,Floors/alienpod8_0
floors_794,Floors/alienpod8_1
floors_795,Floors/alienpod8_2
floors_796,Floors/alienpod8_3
floors_797,Floors/alienpod8_4
floors_798,Floors/alienpod8_5
floors_799,Floors/alienpod9_0
floors_800,Floors/alienpod9_1
floors_801,Floors/alienpod9_2
floors_802,Floors/alienpod9_3
floors_803,Floors/alienpod9_4
floors_804,Floors/alienpod9_5
floors_805,Floors/bluespace_0
floors_806,Floors/bluespace_1
floors_807,Floors/bluespace_2
floors_808,Floors/bluespace_3
floors_809,Floors/bluespace_4
floors_810,Floors/bluespace_5
floors_811,Floors/sepia
floors_812,Floors/shuttlefloor
floors_813,Floors/shuttlefloor2
floors_814,Floors/shuttlefloor3
floors_815,Floors/shuttlefloor4
floors_816,Floors/shuttlefloor5
floors_817,Floors/shuttlefloor_dam
floors_818,Floors/shuttlefloor2_dam
floors_819,Floors/shuttlefloor3_dam
floors_820,Floors/shuttlefloor4_dam
floors_821,Floors/shuttlefloor5_dam
floors_822,Floors/basalt0
floors_823,Floors/basalt1_0
floors_824,Floors/basalt1_1
floors_825,Floors/basalt1_2
floors_826,Floors/basalt1_3
floors_827,Floors/basalt2_0
floors_828,Floors/basalt2_1
floors_829,Floors/basalt2_2
floors_830,Floors/basalt2_3
floors_831,Floors/basalt3_0
floors_832,Floors/basalt3_1
floors_833,Floors/basalt3_2
floors_834,Floors/basalt3_3
floors_835,Floors/basalt4
floors_836,Floors/basalt5_0
floors_837,Floors/basalt5_1
floors_838,Floors/basalt5_2
floors_839,Floors/basalt5_3
floors_840,Floors/basalt6
floors_841,Floors/basalt7
floors_842,Floors/basalt8
floors_843,Floors/basalt9_0
floors_844,Floors/basalt9_1
floors_845,Floors/basalt9_2
floors_846,Floors/basalt9_3
floors_847,Floors/basalt10
floors_848,Floors/basalt11
floors_849,Floors/basalt12
floors_850,Floors/lava_0
floors_851,Floors/lava_1
floors_852,Floors/lava_2
floors_853,Floors/lava_3
floors_854,Floors/lava_4
floors_855,Floors/lava_5
floors_856,Floors/lava_6
floors_857,Floors/lava_7
floors_858,Floors/asteroid0
floors_859,Floors/asteroid1
floors_860,Floors/asteroid2
floors_861,Floors/asteroid3
floors_862,Floors/asteroid4
floors_863,Floors/asteroid5
floors_864,Floors/asteroid6
floors_865,Floors/asteroid7
floors_866,Floors/asteroid8
floors_867,Floors/asteroid9
floors_868,Floors/asteroid10
floors_869,Floors/asteroid11
floors_870,Floors/asteroid12
floors_871,Floors/basalt_dug
floors_872,Floors/basalt
floors_873,Floors/bus
floors_874,Floors/podfloor
floors_875,Floors/podfloor_dark
floors_876,Floors/podfloor_light
floors_877,Floors/clockwork_floor
floors_878,Floors/necro1
floors_879,Floors/necro2_0
floors_880,Floors/necro2_1
floors_881,Floors/necro2_2
floors_882,Floors/necro2_3
floors_883,Floors/necro3_0
floors_884,Floors/necro3_1
floors_885,Floors/necro3_2
floors_886,Floors/necro3_3
floors_887,Floors/necro3_4
floors_888,Floors/necro3_5
floors_889,Floors/paperfloor
floors_890,Floors/hierophant1
floors_891,Floors/hierophant2
floors_892,Floors/plasteel_warn_side_0
floors_893,Floors/plasteel_warn_side_1
floors_894,Floors/plasteel_warn_side_2
floors_895,Floors/plasteel_warn_side_3
floors_896,Floors/plasteel_warn_end_0
floors_897,Floors/plasteel_warn_end_1
floors_898,Floors/plasteel_warn_end_2
floors_899,Floors/plasteel_warn_end_3
floors_900,Floors/white_warn_side_0
floors_901,Floors/white_warn_side_1
floors_902,Floors/white_warn_side_2
floors_903,Floors/white_warn_side_3
floors_904,Floors/white_warn_end_0
floors_905,Floors/white_warn_end_1
floors_906,Floors/white_warn_end_2
floors_907,Floors/white_warn_end_3
floors_908,Floors/black_warn_side_0
floors_909,Floors/black_warn_side_1
floors_910,Floors/black_warn_side_2
floors_911,Floors/black_warn_side_3
floors_912,Floors/black_warn_end_0
floors_913,Floors/black_warn_end_1
floors_914,Floors/black_warn_end_2
floors_915,Floors/black_warn_end_3
floors_916,Floors/plating_warn_side_0
floors_917,Floors/plating_warn_side_1
floors_918,Floors/plating_warn_side_2
floors_919,Floors/plating_warn_side_3
floors_920,Floors/plating_warn_end_0
floors_921,Floors/plating_warn_end_1
floors_922,Floors/plating_warn_end_2
floors_923,Floors/plating_warn_end_3
floors_924,Floors/asteroid_warn_corner_0
floors_925,Floors/asteroid_warn_corner_1
floors_926,Floors/asteroid_warn_corner_2
floors_927,Floors/asteroid_warn_corner_3
floors_928,Floors/asteroid_warn_side_0
floors_929,Floors/asteroid_warn_side_1
floors_930,Floors/asteroid_warn_side_2
floors_931,Floors/asteroid_warn_side_3
floors_932,Floors/asteroid_warn_end_0
floors_933,Floors/asteroid_warn_end_1
floors_934,Floors/asteroid_warn_end_2
floors_935,Floors/asteroid_warn_end_3
floors_936,Floors/astplate_warn_0
floors_937,Floors/astplate_warn_1
floors_938,Floors/astplate_warn_2
floors_939,Floors/astplate_warn_3
floors_940,Floors/astplate_warn_4
floors_941,Floors/astplate_warn_5
floors_942,Floors/astplate_warn_6
floors_943,Floors/astplate_warn_7
floors_944,Floors/astplate_warn_corner_0
floors_945,Floors/astplate_warn_corner_1
floors_946,Floors/astplate_warn_corner_2
floors_947,Floors/astplate_warn_corner_3
floors_948,Floors/astplate_warn_side_0
floors_949,Floors/astplate_warn_side_1
floors_950,Floors/astplate_warn_side_2
floors_951,Floors/astplate_warn_side_3
floors_952,Floors/astplate_warn_end_0
floors_953,Floors/astplate_warn_end_1
floors_954,Floors/astplate_warn_end_2
floors_955,Floors/astplate_warn_end_3
floors_956,Floors/warn_side_0
floors_957,Floors/warn_side_1
floors_958,Floors/warn_side_2
floors_959,Floors/warn_side_3
floors_960,Floors/warn_end_0
floors_961,Floors/warn_end_1
floors_962,Floors/warn_end_2
floors_963,Floors/warn_end_3
floors_964,Floors/ast_warn_0
floors_965,Floors/ast_warn_1
floors_966,Floors/ast_warn_2
floors_967,Floors/ast_warn_3
floors_968,Floors/ast_warn_4
floors_969,Floors/ast_warn_5
floors_970,Floors/ast_warn_6
floors_971,Floors/ast_warn_7
floors_972,Floors/ast_warn_corner_0
floors_973,Floors/ast_warn_corner_1
floors_974,Floors/ast_warn_corner_2
floors_975,Floors/ast_warn_corner_3
floors_976,Floors/ast_warn_side_0
floors_977,Floors/ast_warn_side_1
floors_978,Floors/ast_warn_side_2
floors_979,Floors/ast_warn_side_3
floors_980,Floors/ast_warn_end_0
floors_981,Floors/ast_warn_end_1
floors_982,Floors/ast_warn_end_2
floors_983,Floors/ast_warn_end_3
floors_984,Floors/asteroid_warn_0
floors_985,Floors/asteroid_warn_1
floors_986,Floors/asteroid_warn_2
floors_987,Floors/asteroid_warn_3
floors_988,Floors/asteroid_warn_4
floors_989,Floors/asteroid_warn_5
floors_990,Floors/asteroid_warn_6
floors_991,Floors/asteroid_warn_7
floors_992,Floors/plasteel_warn_0
floors_993,Floors/plasteel_warn_1
floors_994,Floors/plasteel_warn_2
floors_995,Floors/plasteel_warn_3
floors_996,Floors/plasteel_warn_4
floors_997,Floors/plasteel_warn_5
floors_998,Floors/plasteel_warn_6
floors_999,Floors/plasteel_warn_7
floors_1000,Floors/plasteel_warn_corner_0
floors_1001,Floors/plasteel_warn_corner_1
floors_1002,Floors/plasteel_warn_corner_2
floors_1003,Floors/plasteel_warn_corner_3
floors_1004,Floors/white_warn_0
floors_1005,Floors/white_warn_1
floors_1006,Floors/white_warn_2
floors_1007,Floors/white_warn_3
floors_1008,Floors/white_warn_4
floors_1009,Floors/white_warn_5
floors_1010,Floors/white_warn_6
floors_1011,Floors/white_warn_7
floors_1012,Floors/white_warn_corner_0
floors_1013,Floors/white_warn_corner_1
floors_1014,Floors/white_warn_corner_2
floors_1015,Floors/white_warn_corner_3
floors_1016,Floors/black_warn_0
floors_1017,Floors/black_warn_1
floors_1018,Floors/black_warn_2
floors_1019,Floors/black_warn_3
floors_1020,Floors/black_warn_4
floors_1021,Floors/black_warn_5
floors_1022,Floors/black_warn_6
floors_1023,Floors/black_warn_7
floors_1024,Floors/black_warn_corner_0
floors_1025,Floors/black_warn_corner_1
floors_1026,Floors/black_warn_corner_2
floors_1027,Floors/black_warn_corner_3
floors_1028,Floors/plating_warn_0
floors_1029,Floors/plating_warn_1
floors_1030,Floors/plating_warn_2
floors_1031,Floors/plating_warn_3
floors_1032,Floors/plating_warn_4
floors_1033,Floors/plating_warn_5
floors_1034,Floors/plating_warn_6
floors_1035,Floors/plating_warn_7
floors_1036,Floors/plating_warn_corner_0
floors_1037,Floors/plating_warn_corner_1
floors_1038,Floors/plating_warn_corner_2
floors_1039,Floors/plating_warn_corner_3
floors_1040,Floors/damaged1
floors_1041,Floors/damaged3
floors_1042,Floors/damaged2
floors_1043,Floors/panelscorched
floors_1044,Floors/floorscorched1
floors_1045,Floors/floorscorched2
floors_1046,Floors/damaged4
floors_1047,Floors/damaged5
floors_1048,Floors/platingdmg1
floors_1049,Floors/platingdmg2
floors_1050,Floors/platingdmg3
floors_1051,Floors/gold_0
floors_1052,Floors/gold_1
floors_1053,Floors/gold_2
floors_1054,Floors/gold_3
floors_1055,Floors/gold_dam
